id;name;country_name;extension;file_size;hash_id;content_type;upload_path;file_storage_status
1;Common Syrian Cheese;navigating;Ergonomic Granite Communications;5694;Concrete;Dam Investor;array Object-based Frozen;DRAFT
2;Macao modular port;Keyboard interfaces index;open-source Chair;64096;panel transmitter;gold Loan Rufiyaa;Shilling;DRAFT
3;Avon lime withdrawal;Corners visualize Tools;Central;97683;Grocery Loan Human;copy Automotive Salad;Soft;ACTIVE
4;quantify Turkish;deposit Games Rustic;withdrawal District quantify;39940;Uganda systematic;array Salad;Soft Unbranded;ACTIVE
5;Car;blue Dynamic Kansas;PCI;35712;Nauru;payment microchip;magnetic monitor PNG;ACTIVE
6;Direct Outdoors;Berkshire;application North;21223;wireless Saint auxiliary;panel Chile;cross-platform Maine;ACTIVE
7;USB;override Flats instruction;Village silver;28535;Human Coves Rustic;Intelligent Buckinghamshire tangible;auxiliary Regional solid;ACTIVE
8;CSS Refined;stable motivating;pixel Ergonomic Hampshire;96439;Vatu;Cheese data-warehouse Steel;hybrid Buckinghamshire Associate;ACTIVE
9;parse;Chicken synergies Account;Dakota indexing;81605;plum Pound;Lek visionary;encoding Engineer;ACTIVE
10;Handcrafted Salad Bacon;Plastic;Fully-configurable back IB;22531;withdrawal;Baby;Solutions COM Program;DRAFT
